Workload,Run,TraceSize,Status,ExecTime,Instr,Cycles,IPC,NumBr,MispBr,BrPerCyc,MispBrPerCyc,MR,MPKI,CycWP,CycWPAvg,CycWPPKI,50PercInstr,50PercCycles,50PercIPC,50PercNumBr,50PercMispBr,50PercBrPerCyc,50PercMispBrPerCyc,50PercMR,50PercMPKI,50PercCycWP,50PercCycWPAvg,50PercCycWPPKI,CSC preds,RUNLTS preds,CSC coverage,CSC accuracy,RUNLTS coverage,RUNLTS accuracy,UNIQUE PCS,FIRST TIME accuracy,CSC FIRST TIME coverage,CSC FIRST TIME accuracy,RUNLTS FIRST TIME coverage,RUNLTS FIRST TIME accuracy
web,web_3_trace,134.2002592086792,Pass,,39999981,12681628,3.1542,6018442,172265,0.4746,0.0136,2.8623%,4.3066,5032612,29.2144,125.8154,20999981,5877764,3.5728,3382696,81347,0.5755,0.0138,2.4048%,3.8737,2745006,33.7444,130.7147,1840337,4178105,30.58%,99.53%,69.42%,96.08%,18674,62.17%,85.99%,61.93%,14.01%,63.69%
web,web_14_trace,235.48800468444824,Pass,,70000043,21034879,3.3278,11059737,325170,0.5258,0.0155,2.9401%,4.6453,12374703,38.0561,176.7814,35000043,9308467,3.7600,5268168,140555,0.5660,0.0151,2.6680%,4.0159,5224897,37.1733,149.2826,1281859,9777878,11.59%,99.85%,88.41%,96.69%,5605,73.2%,99.27%,73.26%,0.7315%,65.85%
web,web_24_trace,80.5669527053833,Pass,,14999923,8535861,1.7573,1985890,36404,0.2327,0.0043,1.8331%,2.4269,1069119,29.3682,71.2750,7999923,4086665,1.9576,1067447,17344,0.2612,0.0042,1.6248%,2.1680,486142,28.0294,60.7683,1042794,943096,52.51%,99.5%,47.49%,96.7%,15709,73.3%,95.32%,73.47%,4.679%,69.8%
web,web_13_trace,134.68522262573242,Pass,,39999813,17473391,2.2892,4813533,147706,0.2755,0.0085,3.0686%,3.6927,4476659,30.3079,111.9170,20999813,7554097,2.7799,2687998,75184,0.3558,0.0100,2.7970%,3.5802,2401138,31.9368,114.3409,1232382,3581151,25.6%,98.91%,74.4%,96.25%,66767,76.16%,68.78%,77.59%,31.22%,72.99%
web,web_4_trace,107.63480854034424,Pass,,39999718,14280435,2.8010,6265226,214066,0.4387,0.0150,3.4167%,5.3517,6044561,28.2369,151.1151,20999718,6731057,3.1198,3426349,99567,0.5090,0.0148,2.9059%,4.7413,2629030,26.4046,125.1936,862233,5402993,13.76%,98.93%,86.24%,96.21%,18985,59.99%,85.56%,60.09%,14.44%,59.45%
web,web_23_trace,60.17267894744873,Pass,,20000047,6608082,3.0266,3286069,33381,0.4973,0.0051,1.0158%,1.6690,1229749,36.8398,61.4873,10000047,4704410,2.1257,1544231,21538,0.3283,0.0046,1.3947%,2.1538,827877,38.4380,82.7873,1825634,1460435,55.56%,99.65%,44.44%,98.15%,23398,76.76%,92.74%,77.1%,7.261%,72.45%
web,web_25_trace,46.08135795593262,Pass,,14999989,7647371,1.9615,2548670,106066,0.3333,0.0139,4.1616%,7.0711,3430224,32.3405,228.6818,7999989,3194627,2.5042,1342253,63552,0.4202,0.0199,4.7347%,7.9440,1976864,31.1062,247.1083,812150,1736520,31.87%,99.15%,68.13%,94.29%,23870,77.29%,91.73%,77.49%,8.266%,75.01%
web,web_2_trace,126.7424545288086,Pass,,39999746,13076781,3.0588,5842811,207775,0.4468,0.0159,3.5561%,5.1944,5509689,26.5176,137.7431,20999746,6601175,3.1812,3176039,122955,0.4811,0.0186,3.8713%,5.8551,3374975,27.4489,160.7150,1271577,4571234,21.76%,99.4%,78.24%,95.62%,16156,61.9%,90.64%,62.17%,9.365%,59.22%
web,web_15_trace,61.94837951660156,Pass,,14999858,8114752,1.8485,2411251,86108,0.2971,0.0106,3.5711%,5.7406,2549850,29.6122,169.9916,7999858,3333426,2.3999,1229867,38814,0.3689,0.0116,3.1560%,4.8518,1027330,26.4680,128.4185,1019496,1391755,42.28%,99.09%,57.72%,94.48%,33967,78.23%,84.65%,78.94%,15.35%,74.3%
web,web_22_trace,51.9125394821167,Pass,,20000051,6529773,3.0629,2417352,82732,0.3702,0.0127,3.4224%,4.1366,3582908,43.3074,179.1449,10000051,2916358,3.4290,1222376,38886,0.4191,0.0133,3.1812%,3.8886,1742643,44.8141,174.2634,922640,1494712,38.17%,99.73%,61.83%,94.63%,9332,78.12%,98.89%,78.02%,1.114%,86.54%
web,web_12_trace,61.48514461517334,Pass,,15000009,9390562,1.5973,2254326,70093,0.2401,0.0075,3.1093%,4.6729,2307412,32.9193,153.8274,8000009,4385728,1.8241,1175254,43838,0.2680,0.0100,3.7301%,5.4797,1270104,28.9727,158.7628,767534,1486792,34.05%,98.59%,65.95%,96.01%,47357,76.78%,79.9%,77.74%,20.1%,72.93%
web,web_5_trace,119.46124076843262,Pass,,39999694,13050712,3.0649,6198022,215668,0.4749,0.0165,3.4796%,5.3917,5428596,25.1711,135.7159,20999694,6841745,3.0693,3330435,127513,0.4868,0.0186,3.8287%,6.0721,3149872,24.7024,149.9961,1285757,4912265,20.74%,99.31%,79.26%,95.79%,18090,60.34%,86.97%,60.51%,13.03%,59.23%
web,web_11_trace,43.46553611755371,Pass,,10001443,11553052,0.8657,1391369,51182,0.1204,0.0044,3.6785%,5.1175,2092087,40.8754,209.1785,5001443,5077604,0.9850,674449,25435,0.1328,0.0050,3.7712%,5.0855,953016,37.4687,190.5482,547619,843750,39.36%,97.46%,60.64%,95.58%,64935,72.01%,69.76%,74.49%,30.24%,66.27%
web,web_6_trace,115.35440254211426,Pass,,40000022,14112795,2.8343,6002648,238083,0.4253,0.0169,3.9663%,5.9521,6676156,28.0413,166.9038,20000022,7359045,2.7177,2962421,142522,0.4026,0.0194,4.8110%,7.1261,3979485,27.9219,198.9740,1074611,4928037,17.9%,99.31%,82.1%,95.32%,15189,62.3%,91.29%,62.77%,8.71%,57.45%
web,web_9_trace,113.31267833709717,Pass,,39999863,14405388,2.7767,6952037,141727,0.4826,0.0098,2.0386%,3.5432,3172680,22.3859,79.3173,20999863,4558075,4.6072,4136031,28715,0.9074,0.0063,0.6943%,1.3674,367703,12.8053,17.5098,1612636,5339401,23.2%,99.34%,76.8%,97.55%,22740,57.69%,82.01%,57.91%,17.99%,56.69%
web,web_21_trace,37.0328950881958,Pass,,15000054,6403549,2.3425,2614946,51804,0.4084,0.0081,1.9811%,3.4536,2604236,50.2709,173.6151,8000054,5066379,1.5790,1411368,39967,0.2786,0.0079,2.8318%,4.9958,2261954,56.5955,282.7423,973484,1641462,37.23%,99.54%,62.77%,97.12%,16842,77.1%,95.97%,77.21%,4.026%,74.48%
web,web_1_trace,158.93916416168213,Pass,,39999048,12522155,3.1943,5515292,156228,0.4404,0.0125,2.8326%,3.9058,5037882,32.2470,125.9500,20999048,5319289,3.9477,2909408,86537,0.5470,0.0163,2.9744%,4.1210,2307286,26.6624,109.8757,1134028,4381264,20.56%,99.35%,79.44%,96.6%,12931,56.34%,90.05%,56.37%,9.945%,56.07%
web,web_19_trace,46.80075454711914,Pass,,15000016,9864763,1.5206,2562002,91047,0.2597,0.0092,3.5537%,6.0698,2966324,32.5801,197.7547,8000016,4468689,1.7902,1380363,58303,0.3089,0.0130,4.2237%,7.2879,1382188,23.7070,172.7732,929150,1632852,36.27%,98.78%,63.73%,95.12%,46556,77.33%,79.53%,78.41%,20.47%,73.13%
web,web_16_trace,61.720746994018555,Pass,,20000052,10032122,1.9936,1486259,40516,0.1482,0.0040,2.7260%,2.0258,1382692,34.1271,69.1344,10000052,6926610,1.4437,732871,24930,0.1058,0.0036,3.4017%,2.4930,893219,35.8291,89.3214,446406,1039853,30.04%,97.5%,69.96%,97.18%,50785,77.62%,78.49%,78.63%,21.51%,73.94%
web,web_20_trace,91.22524166107178,Pass,,20000004,10618428,1.8835,3186911,80228,0.3001,0.0076,2.5174%,4.0114,2399184,29.9046,119.9592,10000004,3944319,2.5353,1586755,26448,0.4023,0.0067,1.6668%,2.6448,788915,29.8289,78.8915,1396998,1789913,43.84%,99.41%,56.16%,95.98%,30444,78.06%,88.9%,78.52%,11.1%,74.38%
web,web_10_trace,67.32332420349121,Pass,,19999796,11259163,1.7763,2621960,69707,0.2329,0.0062,2.6586%,3.4854,2122154,30.4439,106.1088,10999796,3465079,3.1745,1436395,34837,0.4145,0.0101,2.4253%,3.1671,867683,24.9069,78.8817,411631,2210329,15.7%,96.98%,84.3%,97.41%,52778,75.07%,74.46%,76.29%,25.54%,71.51%
web,web_8_trace,110.87185478210449,Pass,,39999955,14825346,2.6981,6210740,237518,0.4189,0.0160,3.8243%,5.9380,6071290,25.5614,151.7824,20999955,6318779,3.3234,3431526,112291,0.5431,0.0178,3.2723%,5.3472,2749307,24.4838,130.9197,627042,5583698,10.1%,98.36%,89.9%,95.93%,20521,59.5%,81.72%,59.59%,18.28%,59.12%
web,web_7_trace,41.589111328125,Pass,,39999850,11690746,3.4215,6633962,384988,0.5675,0.0329,5.8033%,9.6247,7091650,18.4204,177.2919,20999850,5647694,3.7183,3471337,185985,0.6146,0.0329,5.3577%,8.8565,3185566,17.1281,151.6947,2527727,4106235,38.1%,99.85%,61.9%,90.71%,6307,54.88%,97.76%,54.93%,2.236%,52.48%
web,web_0_trace,104.021315574646,Pass,,39999493,22353233,1.7894,11904941,99914,0.5326,0.0045,0.8393%,2.4979,9603088,96.1135,240.0802,20999493,10929132,1.9214,6370198,39186,0.5829,0.0036,0.6151%,1.8660,3601018,91.8955,171.4812,61543,11843398,0.517%,98.07%,99.48%,99.16%,1304,47.78%,99.85%,47.77%,0.1534%,50%
web,web_17_trace,54.710463523864746,Pass,,15000021,6430637,2.3326,2215426,38063,0.3445,0.0059,1.7181%,2.5375,1242478,32.6427,82.8318,8000021,2447401,3.2688,1069158,13734,0.4369,0.0056,1.2846%,1.7167,349583,25.4538,43.6978,930492,1284934,42%,99.26%,58%,97.57%,25051,76.32%,91.73%,76.5%,8.271%,74.32%
web,web_18_trace,40.12125015258789,Pass,,15000059,4334675,3.4605,1853795,54013,0.4277,0.0125,2.9136%,3.6009,2497421,46.2374,166.4941,8000059,2210089,3.6198,994147,27606,0.4498,0.0125,2.7769%,3.4507,1283923,46.5088,160.4892,963631,890164,51.98%,99.91%,48.02%,94.03%,3255,77.45%,99.88%,77.45%,0.1229%,75%
media,media_3_trace,113.6968765258789,Pass,,20000046,3750577,5.3325,1130407,41308,0.3014,0.0110,3.6543%,2.0654,978246,23.6818,48.9122,10000046,1717510,5.8224,568763,19659,0.3312,0.0114,3.4564%,1.9659,466396,23.7243,46.6394,23888,1106519,2.113%,96.68%,97.89%,96.34%,867,50.4%,100%,50.4%,0%,-nan%
media,media_2_trace,114.14013576507568,Pass,,20000038,3179766,6.2898,682290,17867,0.2146,0.0056,2.6187%,0.8933,715277,40.0334,35.7638,10000038,1705838,5.8622,342782,11562,0.2009,0.0068,3.3730%,1.1562,467346,40.4209,46.7344,62995,619295,9.233%,99.57%,90.77%,97.16%,312,48.4%,100%,48.4%,0%,-nan%
media,media_1_trace,93.95407485961914,Pass,,20000048,3759007,5.3206,1052168,34595,0.2799,0.0092,3.2880%,1.7297,831519,24.0358,41.5759,10000048,1638969,6.1014,496668,12902,0.3030,0.0079,2.5977%,1.2902,308741,23.9297,30.8740,16656,1035512,1.583%,93.29%,98.42%,96.77%,1293,52.05%,100%,52.05%,0%,-nan%
media,media_0_trace,111.51635646820068,Pass,,20000044,3619292,5.5260,1125035,38025,0.3108,0.0105,3.3799%,1.9012,878914,23.1141,43.9456,10000044,1622610,6.1629,559613,16878,0.3449,0.0104,3.0160%,1.6878,388999,23.0477,38.8997,16985,1108050,1.51%,95.27%,98.49%,96.64%,867,51.67%,100%,51.67%,0%,-nan%
compress,compress_4_trace,108.21294689178467,Pass,,31160801,6643164,4.6907,3496423,62211,0.5263,0.0094,1.7793%,1.9965,1541216,24.7740,49.4601,16160801,3037520,5.3204,1816226,29258,0.5979,0.0096,1.6109%,1.8104,687146,23.4857,42.5193,76818,3419605,2.197%,96.29%,97.8%,98.26%,4015,49.27%,98.46%,49.28%,1.544%,48.39%
compress,compress_3_trace,334.29114055633545,Pass,,130000020,61313790,2.1202,15702832,1178744,0.2561,0.0192,7.5066%,9.0673,49449659,41.9511,380.3819,65000020,27133592,2.3956,7896218,553772,0.2910,0.0204,7.0131%,8.5196,20858699,37.6666,320.9030,1780360,13922472,11.34%,99.93%,88.66%,91.54%,1818,46.97%,99.5%,46.88%,0.495%,66.67%
compress,compress_5_trace,111.82196044921875,Pass,,33811883,7058260,4.7904,3890650,70805,0.5512,0.0100,1.8199%,2.0941,1763188,24.9020,52.1470,17811883,3264155,5.4568,2056891,32737,0.6301,0.0100,1.5916%,1.8379,795997,24.3149,44.6891,73830,3816820,1.898%,96.09%,98.1%,98.22%,4105,49.26%,98.37%,49.33%,1.632%,44.78%
compress,compress_2_trace,111.43396472930908,Pass,,32339109,6696463,4.8293,3601347,53077,0.5378,0.0079,1.4738%,1.6413,1316082,24.7957,40.6963,16339109,3048770,5.3592,1821008,29156,0.5973,0.0096,1.6011%,1.7844,640577,21.9707,39.2051,92271,3509076,2.562%,97.03%,97.44%,98.57%,3932,48.86%,98.68%,48.92%,1.322%,44.23%
compress,compress_1_trace,108.6102991104126,Pass,,30778699,6598605,4.6644,3314657,56396,0.5023,0.0085,1.7014%,1.8323,1366858,24.2368,44.4092,15778699,3030808,5.2061,1700956,30913,0.5612,0.0102,1.8174%,1.9592,655992,21.2206,41.5745,94307,3220350,2.845%,97.07%,97.15%,98.33%,3951,48.95%,98.73%,48.99%,1.266%,46%
compress,compress_6_trace,111.95520496368408,Pass,,33826271,7070472,4.7842,3887104,69823,0.5498,0.0099,1.7963%,2.0642,1734248,24.8378,51.2693,17826271,3269411,5.4524,2060235,32422,0.6302,0.0099,1.5737%,1.8188,782967,24.1493,43.9221,74333,3812771,1.912%,96.07%,98.09%,98.25%,4104,49.24%,98.37%,49.27%,1.633%,47.76%
compress,compress_0_trace,334.9084711074829,Pass,,120000052,26117428,4.5946,11747875,439067,0.4498,0.0168,3.7374%,3.6589,14619947,33.2978,121.8328,60000052,12254771,4.8961,5895554,219989,0.4811,0.0180,3.7314%,3.6665,6769835,30.7735,112.8305,615748,11132127,5.241%,99.79%,94.76%,96.07%,1595,47.08%,99.75%,47.08%,0.2508%,50%
compress,compress_7_trace,399.4104585647583,Pass,,130000052,24823476,5.2370,15042451,341797,0.6060,0.0138,2.2722%,2.6292,8088157,23.6636,62.2166,65000052,12484022,5.2067,7447474,183965,0.5966,0.0147,2.4702%,2.8302,4137392,22.4901,63.6521,359414,14683037,2.389%,99.59%,97.61%,97.68%,1808,44.86%,99.67%,44.78%,0.3319%,66.67%
int,int_12_trace,204.59925079345703,Pass,,59999603,22080316,2.7173,6357220,48276,0.2879,0.0022,0.7594%,0.8046,5067420,104.9677,84.4576,30999603,5201246,5.9600,4522132,38587,0.8694,0.0074,0.8533%,1.2448,1231884,31.9248,39.7387,763513,5593707,12.01%,99.8%,87.99%,99.16%,1806,52.16%,99.61%,52.2%,0.3876%,42.86%
int,int_1_trace,92.84952068328857,Pass,,30000052,20035248,1.4974,5301134,401527,0.2646,0.0200,7.5744%,13.3842,16186300,40.3119,539.5424,15000052,9631419,1.5574,2642836,200758,0.2744,0.0208,7.5963%,13.3838,7733911,38.5236,515.5923,507815,4793319,9.579%,99.99%,90.42%,91.62%,40,62.5%,100%,62.5%,0%,-nan%
int,int_32_trace,317.2076416015625,Pass,,110000052,88371402,1.2447,12636052,878599,0.1430,0.0099,6.9531%,7.9873,76563977,87.1433,696.0358,55000052,39058661,1.4081,6322521,435482,0.1619,0.0111,6.8878%,7.9178,33241357,76.3323,604.3877,47182,12588870,0.3734%,99.36%,99.63%,93.02%,332,42.47%,100%,42.47%,0%,-nan%
int,int_22_trace,96.68442058563232,Pass,,40000052,28312192,1.4128,6671960,314665,0.2357,0.0111,4.7162%,7.8666,21126939,67.1411,528.1728,20000052,14179708,1.4105,3314359,159905,0.2337,0.0113,4.8246%,7.9952,10624689,66.4438,531.2331,176984,6494976,2.653%,99.97%,97.35%,95.15%,50,22%,100%,22%,0%,-nan%
int,int_15_trace,98.1560001373291,Pass,,70000157,18630312,3.7573,9192864,41732,0.4934,0.0022,0.4540%,0.5962,2041698,48.9240,29.1670,35000157,9407312,3.7205,4669511,38117,0.4964,0.0041,0.8163%,1.0891,1613462,42.3292,46.0987,1432941,7759923,15.59%,99.81%,84.41%,99.5%,3395,51.43%,98.65%,51.45%,1.355%,50%
int,int_25_trace,169.04896354675293,Pass,,40000052,7790335,5.1346,2766410,63325,0.3551,0.0081,2.2891%,1.5831,2189403,34.5741,54.7350,20000052,4328333,4.6207,1541724,53090,0.3562,0.0123,3.4435%,2.6545,1664806,31.3582,83.2401,871271,1895139,31.49%,99.89%,68.51%,96.71%,1265,55.97%,99.68%,55.99%,0.3162%,50%
int,int_9_trace,152.5840139389038,Pass,,40000050,14701993,2.7207,5800876,205915,0.3946,0.0140,3.5497%,5.1479,4901341,23.8027,122.5334,20000050,6205965,3.2227,2893544,97755,0.4663,0.0158,3.3784%,4.8877,2287880,23.4042,114.3937,741464,5059412,12.78%,98.61%,87.22%,96.13%,20892,55.21%,82.11%,55.31%,17.89%,54.76%
int,int_6_trace,130.25432968139648,Pass,,30000052,7825884,3.8334,3119970,96697,0.3987,0.0124,3.0993%,3.2232,4158068,43.0010,138.6020,15000052,3865970,3.8800,1567043,47380,0.4053,0.0123,3.0235%,3.1587,2063472,43.5515,137.5643,14658,3105312,0.4698%,99.28%,99.53%,96.89%,126,50%,100%,50%,0%,-nan%
int,int_35_trace,119.88736820220947,Pass,,40000048,12811893,3.1221,5671843,183990,0.4427,0.0144,3.2439%,4.5997,7182210,39.0359,179.5550,20000048,6227445,3.2116,2842811,90028,0.4565,0.0145,3.1669%,4.5014,3496206,38.8347,174.8099,45402,5626441,0.8005%,99.21%,99.2%,96.74%,488,47.95%,100%,47.95%,0%,-nan%
int,int_0_trace,137.11144542694092,Pass,,40000041,15686701,2.5499,6223265,237173,0.3967,0.0151,3.8111%,5.9293,11210856,47.2687,280.2711,20000041,7023404,2.8476,3076555,116237,0.4380,0.0165,3.7782%,5.8118,4872233,41.9164,243.6112,47864,6175401,0.7691%,99.16%,99.23%,96.17%,588,47.62%,100%,47.62%,0%,-nan%
int,int_33_trace,310.41816425323486,Pass,,110000052,56595236,1.9436,16062450,1016439,0.2838,0.0180,6.3280%,9.2404,45049640,44.3210,409.5420,55000052,27370410,2.0095,7710997,515568,0.2817,0.0188,6.6861%,9.3740,21721738,42.1317,394.9403,3001,16059449,0.01868%,87.94%,99.98%,93.67%,378,48.68%,100%,48.68%,0%,-nan%
int,int_23_trace,182.35865116119385,Pass,,40000052,19034882,2.1014,5329093,161416,0.2800,0.0085,3.0290%,4.0354,7532697,46.6664,188.3172,20000052,8869969,2.2548,2669216,79002,0.3009,0.0089,2.9597%,3.9501,3289781,41.6417,164.4886,1989335,3339758,37.33%,99.98%,62.67%,95.18%,808,64.11%,100%,64.11%,0%,-nan%
int,int_13_trace,32.30572509765625,Pass,,40000052,7334671,5.4536,4243961,84365,0.5786,0.0115,1.9879%,2.1091,2258376,26.7691,56.4593,20000052,3712207,5.3876,2111572,45290,0.5688,0.0122,2.1448%,2.2645,1228466,27.1244,61.4231,186033,4057928,4.383%,99.68%,95.62%,97.94%,682,48.39%,100%,48.39%,0%,-nan%
int,int_24_trace,145.24023818969727,Pass,,40000051,15090472,2.6507,8385203,37086,0.5557,0.0025,0.4423%,0.9271,5447911,146.8994,136.1976,20000051,7289013,2.7439,4599578,18177,0.6310,0.0025,0.3952%,0.9088,2779100,152.8910,138.9546,2911146,5474057,34.72%,99.97%,65.28%,99.34%,1738,56.04%,99.83%,56.02%,0.1726%,66.67%
int,int_7_trace,128.17397212982178,Pass,,40000048,15039814,2.6596,5944145,240364,0.3952,0.0160,4.0437%,6.0091,5631298,23.4282,140.7823,20000048,6406360,3.1219,3000751,112278,0.4684,0.0175,3.7417%,5.6139,2560321,22.8034,128.0157,715075,5229070,12.03%,98.68%,87.97%,95.58%,18363,55%,84.35%,54.65%,15.65%,56.85%
int,int_8_trace,137.59827327728271,Pass,,40000052,16338822,2.4482,5678944,284293,0.3476,0.0174,5.0061%,7.1073,6653017,23.4020,166.3252,20000052,6582709,3.0383,2813189,131308,0.4274,0.0199,4.6676%,6.5654,2975796,22.6627,148.7894,601791,5077153,10.6%,98.16%,89.4%,94.62%,22945,56.25%,79.27%,56.18%,20.73%,56.53%
int,int_34_trace,112.3776216506958,Pass,,40000052,11836691,3.3793,6380286,154102,0.5390,0.0130,2.4153%,3.8525,6705305,43.5121,167.6324,20000052,5306480,3.7690,3101677,81895,0.5845,0.0154,2.6403%,4.0947,3054520,37.2980,152.7256,3104,6377182,0.04865%,91.11%,99.95%,97.59%,330,46.97%,100%,46.97%,0%,-nan%
int,int_14_trace,177.29002475738525,Pass,,39999640,7399922,5.4054,7635435,36790,1.0318,0.0050,0.4818%,0.9198,844581,22.9568,21.1147,20999640,3623890,5.7948,3974167,18266,1.0967,0.0050,0.4596%,0.8698,399482,21.8703,19.0233,174337,7461098,2.283%,98.8%,97.72%,99.54%,2455,50.22%,99.27%,50.18%,0.7332%,55.56%
int,int_17_trace,128.60758018493652,Pass,,39999987,16741700,2.3892,6659971,247374,0.3978,0.0148,3.7143%,6.1844,5984086,24.1904,149.6022,20999987,6904179,3.0416,3432362,122158,0.4971,0.0177,3.5590%,5.8171,2855458,23.3751,135.9743,719010,5940961,10.8%,97.94%,89.2%,96.08%,39541,54.58%,62.98%,55.06%,37.02%,53.78%
int,int_18_trace,108.31880569458008,Pass,,39999864,12735475,3.1408,9457814,70203,0.7426,0.0055,0.7423%,1.7551,4032347,57.4384,100.8090,20999864,6188005,3.3936,4985263,36127,0.8056,0.0058,0.7247%,1.7203,1933282,53.5135,92.0616,26311,9431503,0.2782%,97.51%,99.72%,99.26%,710,51.83%,100%,51.83%,0%,-nan%
int,int_27_trace,219.70562553405762,Pass,,40000052,6542388,6.1140,1891315,54131,0.2891,0.0083,2.8621%,1.3533,1454240,26.8652,36.3560,20000052,3045736,6.5666,940632,25060,0.3088,0.0082,2.6642%,1.2530,669897,26.7317,33.4948,146726,1744589,7.758%,99.23%,92.24%,96.96%,1326,50.9%,99.62%,50.87%,0.3771%,60%
int,int_28_trace,185.9219560623169,Pass,,40000052,8812014,4.5393,4006233,172941,0.4546,0.0196,4.3168%,4.3235,4176417,24.1494,104.4103,20000052,4287685,4.6645,1994428,82581,0.4652,0.0193,4.1406%,4.1290,2007608,24.3108,100.3801,25032,3981201,0.6248%,96.98%,99.38%,95.67%,783,52.23%,99.87%,52.17%,0.1277%,100%
int,int_4_trace,188.2430238723755,Pass,,59999657,15125780,3.9667,7683892,318850,0.5080,0.0211,4.1496%,5.3142,6705878,21.0315,111.7653,30999657,7597371,4.0803,4061423,161748,0.5346,0.0213,3.9825%,5.2177,3361181,20.7804,108.4264,721383,6962509,9.388%,99.74%,90.61%,95.45%,2857,60.62%,99.54%,60.62%,0.455%,61.54%
int,int_10_trace,204.85591316223145,Pass,,60000052,10011080,5.9934,7032592,51566,0.7025,0.0052,0.7332%,0.8594,1237521,23.9988,20.6253,30000052,4654725,6.4451,3499163,25953,0.7517,0.0056,0.7417%,0.8651,546149,21.0438,18.2049,190262,6842330,2.705%,99.01%,97.29%,99.27%,2484,51.85%,99.4%,51.72%,0.6039%,73.33%
int,int_30_trace,182.9177484512329,Pass,,40000052,16774677,2.3845,4219863,545449,0.2516,0.0325,12.9258%,13.6362,12906817,23.6627,322.6700,20000052,8192189,2.4414,2099953,267260,0.2563,0.0326,12.7270%,13.3630,6288182,23.5283,314.4083,129046,4090817,3.058%,99.57%,96.94%,86.68%,649,54.39%,100%,54.39%,0%,-nan%
int,int_3_trace,96.88034057617188,Pass,,40000052,7975664,5.0153,4722773,81668,0.5921,0.0102,1.7292%,2.0417,2214698,27.1183,55.3674,20000052,4157914,4.8101,2249610,43544,0.5410,0.0105,1.9356%,2.1772,1261657,28.9743,63.0827,1730417,2992356,36.64%,99.89%,63.36%,97.34%,3448,58.41%,99.1%,58.47%,0.8991%,51.61%
int,int_20_trace,187.00185585021973,Pass,,60000051,18220449,3.2930,9561405,194420,0.5248,0.0107,2.0334%,3.2403,6327559,32.5458,105.4592,30000051,7746811,3.8726,4877083,96980,0.6296,0.0125,1.9885%,3.2327,2840001,29.2844,94.6665,1200563,8360842,12.56%,98.88%,87.44%,97.84%,32493,55.54%,69.53%,55.96%,30.47%,54.58%
int,int_29_trace,181.88746547698975,Pass,,40000052,16433404,2.4341,4048870,526616,0.2464,0.0320,13.0065%,13.1654,12603570,23.9331,315.0888,20000052,8015903,2.4950,2031315,259531,0.2534,0.0324,12.7765%,12.9765,6134982,23.6387,306.7483,99025,3949845,2.446%,99.42%,97.55%,86.68%,639,56.18%,100%,56.18%,0%,-nan%
int,int_26_trace,197.17267227172852,Pass,,40000052,7044939,5.6778,2130479,70943,0.3024,0.0101,3.3299%,1.7736,2123539,29.9330,53.0884,20000052,3323124,6.0184,1067816,33876,0.3213,0.0102,3.1725%,1.6938,1031017,30.4350,51.5507,114110,2016369,5.356%,98.84%,94.64%,96.55%,1456,51.72%,99.66%,51.83%,0.3434%,20%
int,int_36_trace,201.8018684387207,Pass,,53761949,35312666,1.5225,7755130,197686,0.2196,0.0056,2.5491%,3.6771,9850935,49.8312,183.2325,27761949,15244574,1.8211,4116890,94652,0.2701,0.0062,2.2991%,3.4094,4225213,44.6394,152.1944,1059738,6695392,13.66%,98.58%,86.34%,97.27%,71710,69.07%,58.71%,71.07%,41.29%,66.24%
int,int_5_trace,138.47165870666504,Pass,,30000052,6945533,4.3193,2565027,100729,0.3693,0.0145,3.9270%,3.3576,3417773,33.9304,113.9256,15000052,3471555,4.3208,1297750,49971,0.3738,0.0144,3.8506%,3.3314,1721571,34.4514,114.7710,7273,2557754,0.2835%,98.53%,99.72%,96.07%,126,45.24%,100%,45.24%,0%,-nan%
int,int_19_trace,184.28955841064453,Pass,,40000052,9121071,4.3855,5852871,80000,0.6417,0.0088,1.3669%,2.0000,2940832,36.7604,73.5207,20000052,4389575,4.5563,2929049,38082,0.6673,0.0087,1.3001%,1.9041,1427677,37.4895,71.3837,1660377,4192494,28.37%,99.92%,71.63%,98.12%,2098,55.2%,99.81%,55.16%,0.1907%,75%
int,int_16_trace,128.2670030593872,Pass,,40000031,18612079,2.1491,6733574,290476,0.3618,0.0156,4.3138%,7.2619,6879611,23.6839,171.9901,20000031,7954903,2.5142,3364149,150878,0.4229,0.0190,4.4849%,7.5439,3415494,22.6375,170.7744,679128,6054446,10.09%,97.74%,89.91%,95.46%,44618,54.94%,59.14%,55.7%,40.86%,53.83%
int,int_31_trace,118.0513105392456,Pass,,40000052,6697282,5.9726,4773947,140483,0.7128,0.0210,2.9427%,3.5121,2706959,19.2689,67.6739,20000052,3281184,6.0954,2359187,68651,0.7190,0.0209,2.9099%,3.4325,1325057,19.3014,66.2527,359180,4414767,7.524%,99.89%,92.48%,96.83%,558,58.24%,100%,58.24%,0%,-nan%
int,int_2_trace,94.08823490142822,Pass,,30000052,20201669,1.4850,5366311,383679,0.2656,0.0190,7.1498%,12.7893,16367355,42.6590,545.5776,15000052,9519806,1.5757,2681980,190770,0.2817,0.0200,7.1130%,12.7180,7626893,39.9795,508.4578,321704,5044607,5.995%,99.99%,94.01%,92.39%,40,50%,100%,50%,0%,-nan%
int,int_21_trace,91.63193035125732,Pass,,40000052,48129589,0.8311,9059172,1016134,0.1882,0.0211,11.2166%,25.4033,43308103,42.6205,1082.7012,20000052,23707400,0.8436,4504449,521498,0.1900,0.0220,11.5774%,26.0748,21257396,40.7622,1062.8670,405481,8653691,4.476%,99.97%,95.52%,88.26%,163,58.9%,100%,58.9%,0%,-nan%
int,int_11_trace,203.19092559814453,Pass,,60000052,18442976,3.2533,4130584,332473,0.2240,0.0180,8.0491%,5.5412,11411109,34.3219,190.1850,30000052,9255016,3.2415,2064453,168501,0.2231,0.0182,8.1620%,5.6167,5776845,34.2837,192.5612,4893,4125691,0.1185%,94.97%,99.88%,91.95%,261,48.66%,100%,48.66%,0%,-nan%
fp,fp_11_trace,297.7953281402588,Pass,,40000016,7958376,5.0262,3526510,59719,0.4431,0.0075,1.6934%,1.4930,1072345,17.9565,26.8086,20000016,3866943,5.1720,1776440,30156,0.4594,0.0078,1.6976%,1.5078,537437,17.8219,26.8718,87652,3438858,2.486%,99.67%,97.51%,98.27%,389,51.41%,100%,51.41%,0%,-nan%
fp,fp_6_trace,63.58891201019287,Pass,,40000016,7858093,5.0903,7034423,140306,0.8952,0.0179,1.9946%,3.5076,3598950,25.6507,89.9737,20000016,3852272,5.1917,3515104,69882,0.9125,0.0181,1.9880%,3.4941,1760345,25.1902,88.0172,150681,6883742,2.142%,99.84%,97.86%,97.96%,304,51.32%,100%,51.32%,0%,-nan%
fp,fp_9_trace,143.53112411499023,Pass,,40000016,18682070,2.1411,5012816,243667,0.2683,0.0130,4.8609%,6.0917,14052142,57.6695,351.3034,20000016,9036312,2.2133,2500178,130199,0.2767,0.0144,5.2076%,6.5099,6800869,52.2344,340.0432,581431,4431385,11.6%,99.95%,88.4%,94.51%,625,62.88%,100%,62.88%,0%,-nan%
fp,fp_1_trace,42.69381523132324,Pass,,30000052,31619429,0.9488,5950800,493486,0.1882,0.0156,8.2928%,16.4495,27948521,56.6349,931.6158,15000052,15856720,0.9460,2965791,248166,0.1870,0.0157,8.3676%,16.5443,14031809,56.5420,935.4507,441,5950359,0.007411%,91.38%,99.99%,91.7%,64,56.25%,100%,56.25%,0%,-nan%
fp,fp_10_trace,270.7881956100464,Pass,,40000016,7498708,5.3343,3492402,122772,0.4657,0.0164,3.5154%,3.0693,2504850,20.4025,62.6212,20000016,3687841,5.4232,1748758,59939,0.4742,0.0163,3.4275%,2.9969,1218279,20.3253,60.9139,81363,3411039,2.33%,99.7%,97.67%,96.41%,296,49.66%,100%,49.66%,0%,-nan%
fp,fp_8_trace,211.10272789001465,Pass,,40000016,13602416,2.9407,2322129,339929,0.1707,0.0250,14.6387%,8.4982,7591614,22.3329,189.7903,20000016,7634466,2.6197,1347173,238468,0.1765,0.0312,17.7014%,11.9234,5260244,22.0585,263.0120,30048,2292081,1.294%,99.08%,98.71%,85.18%,336,38.69%,100%,38.69%,0%,-nan%
fp,fp_7_trace,159.0718936920166,Pass,,40000016,10856329,3.6845,4716883,135636,0.4345,0.0125,2.8755%,3.3909,5021436,37.0214,125.5358,20000016,5352847,3.7363,2394520,67628,0.4473,0.0126,2.8243%,3.3814,2508824,37.0974,125.4411,120533,4596350,2.555%,99.6%,97.44%,97.06%,611,50.74%,100%,50.74%,0%,-nan%
fp,fp_0_trace,64.73471260070801,Pass,,30000052,6851122,4.3789,1619852,101748,0.2364,0.0149,6.2813%,3.3916,3162008,31.0769,105.4001,15000052,3451828,4.3455,807780,52196,0.2340,0.0151,6.4617%,3.4797,1619493,31.0271,107.9658,3594,1616258,0.2219%,99.86%,99.78%,93.7%,7,71.43%,100%,71.43%,0%,-nan%
fp,fp_3_trace,223.02585411071777,Pass,,30000052,13449364,2.2306,1539997,83306,0.1145,0.0062,5.4095%,2.7769,8134227,97.6428,271.1404,15000052,6731758,2.2283,770204,42496,0.1144,0.0063,5.5175%,2.8331,4121202,96.9786,274.7458,234907,1305090,15.25%,99.97%,84.75%,93.62%,112,66.96%,100%,66.96%,0%,-nan%
fp,fp_13_trace,84.63656806945801,Pass,,40000016,17440677,2.2935,6454282,625542,0.3701,0.0359,9.6919%,15.6385,13172099,21.0571,329.3023,20000016,8574747,2.3324,3233671,312128,0.3771,0.0364,9.6524%,15.6064,6474776,20.7440,323.7385,569995,5884287,8.831%,99.98%,91.17%,89.37%,147,67.35%,100%,67.35%,0%,-nan%
fp,fp_4_trace,106.30326175689697,Pass,,30000052,6761178,4.4371,2573337,29171,0.3806,0.0043,1.1336%,0.9724,1393365,47.7654,46.4454,15000052,2649349,5.6618,1285217,13445,0.4851,0.0051,1.0461%,0.8963,406009,30.1978,27.0672,101348,2471989,3.938%,99.45%,96.06%,98.84%,767,51.37%,100%,51.37%,0%,-nan%
fp,fp_2_trace,113.98153591156006,Pass,,30000052,6481737,4.6284,2471756,91548,0.3813,0.0141,3.7038%,3.0516,2993130,32.6947,99.7708,15000052,3196998,4.6919,1232306,46237,0.3855,0.0145,3.7521%,3.0825,1499108,32.4223,99.9402,31671,2440085,1.281%,99.68%,98.72%,96.25%,127,44.09%,100%,44.09%,0%,-nan%
fp,fp_12_trace,48.495734214782715,Pass,,40000016,8713443,4.5906,4420257,64874,0.5073,0.0074,1.4677%,1.6218,3817139,58.8393,95.4284,20000016,4235771,4.7217,2222665,30773,0.5247,0.0073,1.3845%,1.5386,1755715,57.0537,87.7857,2335081,2085176,52.83%,100%,47.17%,96.89%,119,73.95%,100%,73.95%,0%,-nan%
fp,fp_5_trace,332.9483413696289,Pass,,40000016,7663544,5.2195,740391,40883,0.0966,0.0053,5.5218%,1.0221,1398908,34.2174,34.9727,20000016,3794253,5.2711,370890,20305,0.0978,0.0054,5.4747%,1.0152,694455,34.2012,34.7227,915,739476,0.1236%,96.5%,99.88%,94.48%,42,33.33%,100%,33.33%,0%,-nan%
infra,infra_14_trace,118.4549331665039,Pass,,50000052,18779880,2.6624,6536492,325069,0.3481,0.0173,4.9731%,6.5014,13704263,42.1580,274.0850,25000052,6875660,3.6360,3156210,153657,0.4590,0.0223,4.8684%,6.1463,4657353,30.3101,186.2937,3102298,3434194,47.46%,99.99%,52.54%,90.54%,839,80.81%,100%,80.81%,0%,-nan%
infra,infra_2_trace,221.61112022399902,Pass,,47546686,11096429,4.2849,5818731,45692,0.5244,0.0041,0.7853%,0.9610,1208942,26.4585,25.4264,24546686,4604060,5.3315,2997214,21216,0.6510,0.0046,0.7079%,0.8643,443375,20.8981,18.0625,335479,5483252,5.766%,98.95%,94.23%,99.23%,4703,52.14%,97.72%,52.18%,2.275%,50.47%
infra,infra_13_trace,139.63556957244873,Pass,,50000052,21580970,2.3169,6532412,272392,0.3027,0.0126,4.1699%,5.4478,14830909,54.4469,296.6179,25000052,10256146,2.4376,3378036,116579,0.3294,0.0114,3.4511%,4.6632,5768305,49.4798,230.7317,3417690,3114722,52.32%,99.93%,47.68%,91.33%,9866,82.21%,98.77%,82.15%,1.226%,86.78%
infra,infra_5_trace,58.871103286743164,Pass,,40000016,35276039,1.1339,7268207,95419,0.2060,0.0027,1.3128%,2.3855,27298142,286.0871,682.4533,20000016,22428183,0.8917,3539219,65965,0.1578,0.0029,1.8638%,3.2982,18649689,282.7210,932.4837,3551727,3716480,48.87%,100%,51.13%,97.44%,156,57.05%,100%,57.05%,0%,-nan%
infra,infra_15_trace,101.22027969360352,Pass,,50000052,36783823,1.3593,6957507,479264,0.1891,0.0130,6.8884%,9.5853,32336218,67.4706,646.7237,25000052,7106306,3.5180,3466846,187093,0.4879,0.0263,5.3966%,7.4837,4857338,25.9622,194.2931,3178280,3779227,45.68%,99.99%,54.32%,87.32%,547,78.98%,100%,78.98%,0%,-nan%
infra,infra_3_trace,83.57435989379883,Pass,,40000016,8606577,4.6476,5433078,90919,0.6313,0.0106,1.6734%,2.2730,2054930,22.6018,51.3732,20000016,4300871,4.6502,2737308,46223,0.6365,0.0107,1.6886%,2.3111,1074796,23.2524,53.7398,2670889,2762189,49.16%,99.98%,50.84%,96.73%,1027,57.16%,100%,57.16%,0%,-nan%
infra,infra_12_trace,207.57365608215332,Pass,,50000052,19203123,2.6037,7862103,125119,0.4094,0.0065,1.5914%,2.5024,5194486,41.5164,103.8896,25000052,9206236,2.7156,3927069,61908,0.4266,0.0067,1.5764%,2.4763,2597175,41.9522,103.8868,4814785,3047318,61.24%,99.95%,38.76%,95.98%,11332,82.48%,98.56%,82.51%,1.438%,80.98%
infra,infra_4_trace,84.87091732025146,Pass,,40000016,28085929,1.4242,5988066,187071,0.2132,0.0067,3.1241%,4.6768,20471223,109.4302,511.7804,20000016,14024000,1.4261,2971304,91760,0.2119,0.0065,3.0882%,4.5880,10203957,111.2027,510.1974,784170,5203896,13.1%,99.93%,86.9%,96.42%,975,68.21%,100%,68.21%,0%,-nan%
infra,infra_8_trace,54.09443473815918,Pass,,40000016,25608132,1.5620,7460282,58699,0.2913,0.0023,0.7868%,1.4675,17202126,293.0565,430.0530,20000016,12776683,1.5654,3730712,29254,0.2920,0.0023,0.7841%,1.4627,8574256,293.0969,428.7125,2615409,4844873,35.06%,100%,64.94%,98.79%,16,56.25%,100%,56.25%,0%,-nan%
infra,infra_7_trace,65.31903553009033,Pass,,40000016,30844282,1.2968,6716982,251780,0.2178,0.0082,3.7484%,6.2945,22922885,91.0433,573.0719,20000016,15836973,1.2629,3345402,106994,0.2112,0.0068,3.1982%,5.3497,11501080,107.4928,575.0535,157858,6559124,2.35%,99.87%,97.65%,96.16%,248,56.85%,100%,56.85%,0%,-nan%
infra,infra_11_trace,209.36411476135254,Pass,,50000052,19906745,2.5117,7754708,120665,0.3896,0.0061,1.5560%,2.4133,5527709,45.8104,110.5541,25000052,10074518,2.4815,3881908,61530,0.3853,0.0061,1.5850%,2.4612,3099413,50.3724,123.9763,4801475,2953233,61.92%,99.95%,38.08%,95.99%,10530,82.84%,98.71%,82.86%,1.292%,81.62%
infra,infra_0_trace,94.09143447875977,Pass,,40000016,9859977,4.0568,5140781,114216,0.5214,0.0116,2.2218%,2.8554,3417698,29.9231,85.4424,20000016,4897512,4.0837,2582400,57674,0.5273,0.0118,2.2333%,2.8837,1717098,29.7725,85.8548,2071126,3069655,40.29%,99.97%,59.71%,96.3%,985,59.8%,100%,59.8%,0%,-nan%
infra,infra_6_trace,168.09687328338623,Pass,,64718349,16814348,3.8490,9187928,149093,0.5464,0.0089,1.6227%,2.3037,5284349,35.4433,81.6515,32718349,8657394,3.7792,5004718,77477,0.5781,0.0089,1.5481%,2.3680,3275976,42.2832,100.1266,1155836,8032092,12.58%,99.49%,87.42%,98.22%,9719,57.03%,93.29%,56.83%,6.709%,59.82%
infra,infra_9_trace,141.69822597503662,Pass,,50000052,30361146,1.6468,7203244,262431,0.2373,0.0086,3.6432%,5.2486,20810991,79.3008,416.2194,25000052,17699422,1.4125,3405201,177308,0.1924,0.0100,5.2070%,7.0923,15114928,85.2467,604.5959,4271748,2931496,59.3%,99.94%,40.7%,91.14%,11560,82.33%,98.46%,82.35%,1.54%,80.9%
infra,infra_10_trace,117.67702960968018,Pass,,50000052,19213350,2.6024,6548159,319715,0.3408,0.0166,4.8825%,6.3943,13968006,43.6889,279.3598,25000052,6905896,3.6201,3150015,154217,0.4561,0.0223,4.8958%,6.1687,4681095,30.3539,187.2434,3131800,3416359,47.83%,99.99%,52.17%,90.65%,827,81.38%,100%,81.38%,0%,-nan%
infra,infra_1_trace,175.13615703582764,Pass,,37799521,8649595,4.3701,4337669,41531,0.5015,0.0048,0.9574%,1.0987,1299984,31.3015,34.3915,19799521,3980394,4.9743,2263258,19154,0.5686,0.0048,0.8463%,0.9674,522223,27.2644,26.3755,297620,4040049,6.861%,98.82%,93.14%,99.06%,4679,51.34%,97.69%,51.41%,2.308%,48.15%
